"quest_number","title","description","requirement","category","required_discoveries","target_genus_name","target_species_name","id","created_date","updated_date","created_by_id","created_by"
"252","Oh Wacholder, oh Wacholder ...","Wenn Weihnachten naht, dekorieren viele Menschen Tannenb?ume ? meist Nordmann-Tannen oder Blautannen, die in Mitteleuropa urspr?nglich gar nicht heimisch waren, sondern gezielt f?r den Verkauf angebaut werden. Sie sind besonders gleichm??ig gewachsen, nadelstabil und halten in Wohnungen lange ihre gr?ne Farbe, weshalb sie sich als Christbaum etabliert haben. Doch in unseren heimischen Landschaften gibt es auch immergr?ne Pflanzen, die den Winter ?berdauern und ?kologisch wertvoll sind: Der Wacholder.

Der Wacholder ist in Deutschland heimisch, w?chst auf Trockenrasen, Heiden und in lichten W?ldern und bleibt auch im tiefsten Winter gr?n. Seine kleinen blauen Beeren dienen V?geln als Nahrung, und seine dichten Zweige bieten Schutz f?r Kleintiere wie Igel. Entdecke einen Wacholder und lerne, wie heimische immergr?ne Pflanzen das ?kosystem im Winter aktiv unterst?tzen ? w?hrend der Weihnachtsbaum vor allem kulturelle Bedeutung hat.

Vielleicht stolpert ihr beim Spazieren mit der Familie einen immergr?nen Wachholder. PlantDex w?nscht besinnliche Tage und ein frohes, neues Jahr!","Scanne einen Wacholder mit gr?nen Nadeln oder blauen Beeren.","B?ume","1","Wacholder","","6946dcf1fcd9c70f9e83fdad","2025-12-20T17:29:21.059000","2025-12-20T17:29:21.059000","68ed5acb3c768a7480fef6a0","kaji0tt@googlemail.com"
"251","Fr?chte im Winter","Die Schneebeere tr?gt im Winter auff?llige wei?e Beeren, die vielen V?geln Nahrung bieten, wenn sonst kaum etwas verf?gbar ist. Ihre dichten Zweige bieten zus?tzlichen Schutz vor K?lte und Wind. So wird die Pflanze zum wichtigen Bestandteil des winterlichen ?kosystems, obwohl sie selbst inaktiv wirkt. Finde eine Schneebeere und entdecke, wie Fr?chte im Winter Leben sichern.","Scanne eine Schneebeere die jetzt ihr Fr?chte tr?gt.","Str?ucher","1","Schneebeere","","6946d971495e277ee0567c91","2025-12-20T17:14:25.476000","2025-12-20T17:14:25.476000","68ed5acb3c768a7480fef6a0","kaji0tt@googlemail.com"
"250","Wintergr?n im Garten","Der Liguster beh?lt auch im Winter seine Bl?tter, wodurch er nicht nur Struktur in G?rten und Heckenanlagen bietet, sondern auch Kleintieren wie Igeln und V?geln Schutz und Versteckm?glichkeiten bietet. Seine dichte Blattmasse hilft, den Lebensraum w?hrend der kalten Jahreszeit zu sichern. Entdecke einen Liguster und erfahre, wie immergr?ne Hecken das Winterleben im Garten f?rdern.","Suche und scanne eine immergr?ne Ligusterhecke, die auch jetzt noch Schutz spendet.","Alle","1","Liguster","","6946d8dbfe3e3c3caca038c5","2025-12-20T17:11:55.418000","2025-12-20T17:11:55.418000","68ed5acb3c768a7480fef6a0","kaji0tt@googlemail.com"
"249","Immergr?n, robust und giftig.","Die Eibe bleibt das ganze Jahr ?ber gr?n, auch mitten im Winter. Ihre Nadeln sind schmal, wachsig und widerstandsf?hig gegen Frost, Wind und Trockenheit. So kann die Pflanze auch im Winter Photosynthese betreiben und Energie speichern. Ihre auff?lligen roten Beeren enthalten Samen, sind aber giftig f?r Menschen ? nur V?gel k?nnen sie problemlos fressen und verbreiten. Die Eibe zeigt exemplarisch, wie Pflanzen auf lange Lebensdauer, Winteraktivit?t und spezialisierte Samenverbreitung setzen. Finde eine Eibe mit Nadeln oder roten Beeren und entdecke, warum manche Pflanzen den Winter aktiv nutzen.","Scanne eine Eibe mit gr?nen Nadeln oder roten Beeren.","Str?ucher","1","Eibe","","6946d3e09edaff28ff233657","2025-12-20T16:50:40.738000","2025-12-20T16:50:40.738000","68ed5acb3c768a7480fef6a0","kaji0tt@googlemail.com"
"248","Gesunde Snacks im Winter","Wintergr?n und essbar ? die kleine Energiequelle in der kalten Jahreszeit.
W?hrend viele Pflanzen im Winter ruhen, zeigt der Winterportulak, dass es auch anders geht. Seine gr?nen, fleischigen Bl?tter ?berdauern Frost und K?lte, speichern Wasser und N?hrstoffe und bieten so eine der wenigen essbaren Pflanzen in der kalten Jahreszeit. Urspr?nglich in Nordamerika beheimatet, ist der Winterportulak heute auch in st?dtischen G?rten, auf Beeten und Schotterfl?chen in Mitteleuropa verbreitet. Finde einen Winterportulakbestand - m?glicherweise findest du ihn auch auf Balkong?rten von Freunden. ","Scanne einen Winterportulak mit gr?nen Bl?ttern.","Blumen","1","Tellerkraut","","6946d330ed63c6bc52e05e20","2025-12-20T16:47:44.980000","2025-12-20T16:47:44.980000","68ed5acb3c768a7480fef6a0","kaji0tt@googlemail.com"
"246","Wenig gen?gt","Die Kiefer w?chst dort, wo andere B?ume kaum noch bestehen k?nnen: auf trockenen, sandigen oder n?hrstoffarmen B?den. Ihre langen, paarweise angeordneten Nadeln sind von einer dicken Wachsschicht umgeben und sch?tzen den Baum vor K?lte und Wasserverlust. Auch im Winter bleibt die Kiefer gr?n und kann an milden Tagen Photosynthese betreiben. Ihre Zapfen ?ffnen sich oft erst bei trockener Witterung und geben die Samen schrittweise frei. Die Kiefer zeigt exemplarisch, wie Pflanzen mit sparsamen Strategien extreme Bedingungen meistern. Finde eine Kiefer und entdecke, warum Anspruchslosigkeit ein Erfolgsmodell ist.","Scanne eine Kiefer mit Nadeln oder Zapfen.","Alle","1","Kiefer","","6946cf99289456c580d0b374","2025-12-20T16:32:25.162000","2025-12-20T16:32:25.162000","68ed5acb3c768a7480fef6a0","kaji0tt@googlemail.com"
"247","Bl?hen trotz K?lte","Mitten im Winter, oft zwischen Schnee und gefrorenem Boden, ?ffnet die Christrose ihre gro?en, hellen Bl?ten. Statt den Winter zu meiden, ist sie genau an diese Zeit angepasst. Ihre Bl?ten sind k?lteresistent, und die Pflanze nutzt kurze milde Phasen f?r Wachstum und Fortpflanzung. Urspr?nglich stammt die Christrose aus kalkreichen Gebirgsregionen S?ddeutschlands und der Alpen, wird heute aber auch h?ufig in G?rten kultiviert. Sie zeigt exemplarisch, dass Bl?te nicht an W?rme gebunden ist, sondern an passende Anpassungen. Finde eine Christrose und entdecke, warum manche Pflanzen gerade dann bl?hen, wenn andere ruhen.","Scanne eine bl?hende Christrose oder eine Pflanze mit deutlich erkennbaren Knospen.","Blumen","1","Helleborus","","6946cf0c482ecd0dce3aefe3","2025-12-20T16:30:04.758000","2025-12-20T16:30:04.758000","68ed5acb3c768a7480fef6a0","kaji0tt@googlemail.com"
"245","Leben unter der Eisdecke","?berwinterung im Schlamm ? w?hrend oben alles erstarrt.
Wenn Seen und Teiche im Winter ruhig wirken, zieht sich das Leben vieler Wasserpflanzen unter die Oberfl?che zur?ck. Der Rohrkolben verliert seine gr?nen Bl?tter, doch im Schlamm ?berdauern kr?ftige unterirdische Sprosse den Frost. Dort bleiben sie vor K?lte gesch?tzt und speichern N?hrstoffe f?r den Neuaustrieb im Fr?hjahr. Gleichzeitig stabilisieren abgestorbene Halme das Ufer und bieten V?geln und Insekten Schutz. Der Rohrkolben zeigt exemplarisch, dass Gew?sser im Winter nicht tot sind ? sie wechseln nur ihre Ebene. Finde einen Rohrkolben am Ufer und entdecke, wie Pflanzen Wasser und Boden als Winterversteck nutzen.","Scanne einen Rohrkolbenbestand mit trockenen Fruchtst?nden oder abgestorbenen Halmen.","Blumen","1","Rohrkolben","","6946cd0f779b54c50cdc1591","2025-12-20T16:21:35.463000","2025-12-20T16:21:35.463000","68ed5acb3c768a7480fef6a0","kaji0tt@googlemail.com"
"244","Gr?n trotz Frost: Warum Nadeln nicht fallen","Ein Baum, der den Winter nicht meidet, sondern f?r ihn gebaut ist.
Die Fichte beh?lt ihre Nadeln auch im Winter. Statt breiter Bl?tter besitzt sie schmale, wachs?berzogene Nadeln, die wenig Wasser verdunsten und Frost gut ?berstehen. Ihre kegelf?rmige Krone l?sst Schnee leicht abrutschen, sodass ?ste nicht brechen. Auch im Winter kann die Fichte bei milden Temperaturen Photosynthese betreiben. Ihre Zapfen reifen ?ber Monate hinweg und geben die Samen oft erst im Sp?twinter frei. Die Fichte zeigt exemplarisch, wie B?ume an K?lte, Schnee und N?hrstoffarmut angepasst sind. Finde eine Fichte und entdecke, warum Nadelb?ume den Winter nicht f?rchten.","Scanne eine Fichte mit Nadeln oder Zapfen.","B?ume","1","Fichte","","6946cbcdc25aa6aaf8db8a56","2025-12-20T16:16:13.504000","2025-12-20T16:16:13.504000","68ed5acb3c768a7480fef6a0","kaji0tt@googlemail.com"
"243","Gr?n, wenn andere gehen","Immergr?n, sp?tbl?hend und eine wichtige Pflanze f?r den ?bergang in den Winter.
Der Efeu bleibt gr?n, wenn viele andere Pflanzen ihre Bl?tter l?ngst verloren haben. Seine ledrigen Bl?tter sind besonders widerstandsf?hig gegen K?lte und Verdunstung. Eine Besonderheit: Der Efeu bl?ht sehr sp?t im Jahr ? oft erst im September oder Oktober ? und bietet Insekten damit eine der letzten Nahrungsquellen vor dem Winter. Sp?ter reifen seine Beeren und versorgen V?gel in der kalten Jahreszeit. Der Efeu zeigt exemplarisch, dass manche Pflanzen nicht in die Winterruhe fliehen, sondern den Sp?therbst aktiv nutzen. Finde einen Efeu und entdecke, warum immergr?ne Pflanzen im Jahreskreislauf eine besondere Rolle spielen.","Scanne einen Efeu mit gr?nen Bl?ttern, Bl?tenst?nden oder Beeren.","Str?ucher","1","Efeu","","6946ca84568a883e40052a27","2025-12-20T16:10:44.803000","2025-12-20T16:10:44.803000","68ed5acb3c768a7480fef6a0","kaji0tt@googlemail.com"
"242","Die Herbstperlen der Eberesche","Die Eberesche schm?ckt sich im Oktober mit leuchtend roten Beeren, die wie kleine Perlen in den herbstlichen Zweigen h?ngen. Diese Fr?chte sind ein wichtiger Energielieferant f?r V?gel und andere Tiere, wenn die Tage k?rzer und k?lter werden. F?r den Menschen waren sie fr?her eine wertvolle Ressource, aus der Marmeladen und Lik?re hergestellt wurden. Entdecke einen Ebereschenbaum in voller Frucht und erfahre, wie diese Art den Herbst mit Farbe und Leben bereichert.","Scanne eine Eberesche mit roten Beeren.","B?ume","1","Eberesche","","6941749ee6fcc4e7735c3cf2","2025-12-16T15:02:54.306000","2025-12-16T15:02:54.306000","68ed5acb3c768a7480fef6a0","kaji0tt@googlemail.com"
"241","Die leuchtenden Fr?chte der Rosen","Mitten im Oktober beginnt die Zeit der Hagebutten. Die leuchtend roten Fr?chte der Wildrosen sind nicht nur ein Blickfang in den herbstlichen Hecken, sondern auch eine wichtige Nahrungsquelle f?r V?gel und andere Tiere. Reich an Vitamin C, wurden sie fr?her vom Menschen gesammelt und zu Tee oder Marmelade verarbeitet. Finde eine Hagebutte in einer Hecke und entdecke, wie diese kleinen Fr?chte den Kreislauf des Lebens im Herbst unterst?tzen.","Scanne eine Hagebutte an einer Wildrosenhecke.","Str?ucher","1","Rose","","6941674ca73861d1e5544bbb","2025-12-16T14:06:04.137000","2025-12-16T14:06:04.137000","68ed5acb3c768a7480fef6a0","kaji0tt@googlemail.com"
"240","Das violette Kleid der Heide","Wenn der Herbst Einzug h?lt, f?rbt das Heidekraut die Landschaft in zarte Violett- und Rosat?ne. Diese Pflanze ist ein Meister der Anpassung an karge, n?hrstoffarme B?den und pr?gt die typischen Heidefl?chen Norddeutschlands. Als immergr?ne Pflanze wird sie auch oft als Friedhofsbepflanzung verwendet. Ihre Bl?ten bieten sp?ten Insekten wie Bienen und Schmetterlingen noch wertvolle Nahrung, bevor der Winter kommt.","Scanne eine bl?hende Heidepflanze.","Blumen","1","Heidekraut","","694162fe206eb3f768b7e21d","2025-12-16T13:47:42.602000","2025-12-16T13:47:42.602000","68ed5acb3c768a7480fef6a0","kaji0tt@googlemail.com"
"239","H?ngen geblieben","Die Gro?e Klette hat eine einfache, aber ?u?erst effektive Strategie: Ihre Fr?chte sind mit kleinen Haken versehen, die sich im Fell von Tieren oder an Kleidung festsetzen. So werden die Samen ?ber weite Strecken transportiert und fallen erst sp?ter wieder ab. Diese Form der Samenverbreitung nennt man Haftverbreitung. Die Klette zeigt exemplarisch, wie Pflanzen Tiere in ihre Lebenszyklen einbeziehen ? ganz ohne Nektar oder Fr?chte. Finde eine Klette mit reifen Klettfr?chten und entdecke, warum Mitreisen oft erfolgreicher ist als Fliegen.","Scanne eine Klette mit reifen, hakenf?rmigen Fr?chten.","Blumen","1","Klette","","69415673a478d4dcc3ac0bb8","2025-12-16T12:54:11.540000","2025-12-16T12:54:11.540000","68ed5acb3c768a7480fef6a0","kaji0tt@googlemail.com"
"238","Flug mit dem Wind","Wenn der L?wenzahn seine wei?en Pusteblumen bildet, ist die n?chste Generation bereits startklar. Jeder einzelne Samen besitzt einen feinen Haarschirm, der ihn vom Wind tragen l?sst ? manchmal nur wenige Meter, manchmal ?ber gro?e Distanzen. Diese Form der Samenverbreitung nennt man Windverbreitung. Sie erm?glicht es dem L?wenzahn, offene Fl?chen schnell zu besiedeln und neue Lebensr?ume zu erschlie?en.
Es hei?t, wer es schafft, alle Samen einer Pusteblume mit einem einzigen Atemzug fortzublasen, darf sich dabei etwas w?nschen.
Finde eine Pusteblume und w?nsch dir was!","Scanne eine Pusteblume mit reifen Samen.","Blumen","1","L?wenzahn","","69414e95ebd2db3e7e91d762","2025-12-16T12:20:37.270000","2025-12-16T12:20:37.270000","68ed5acb3c768a7480fef6a0","kaji0tt@googlemail.com"
"237","Strategie statt Verfall","Im Fr?hherbst verf?rben sich die Bl?tter vieler B?ume ? besonders eindrucksvoll beim Ahorn. Die Farben entstehen nicht zuf?llig: Wenn die Tage k?rzer werden, baut der Baum das gr?ne Blattpigment Chlorophyll ab und zieht die darin gespeicherten N?hrstoffe in Stamm und Wurzeln zur?ck. Gelbe Farbstoffe (Carotinoide) waren schon immer im Blatt vorhanden und werden jetzt sichtbar. Rote Farbstoffe (Anthocyane) hingegen werden neu gebildet und sch?tzen das Blatt vor starker Herbstsonne und K?ltestress, solange der N?hrstoffr?ckzug noch l?uft. So nutzt der Baum den Herbst aktiv, um Ressourcen zu sichern, bevor er die Bl?tter abwirft. Finde einen Ahorn mit verf?rbten Bl?ttern und entdecke, warum der Herbst kein Ende, sondern eine Strategie ist.","Scanne drei Ahornb?ume mit deutlich verf?rbten Bl?ttern (gelb, orange oder rot).","B?ume","3","Ahorn","","694144fc0d54071cef1eb621","2025-12-16T11:39:40.222000","2025-12-16T12:15:35.799000","68ed5acb3c768a7480fef6a0","kaji0tt@googlemail.com"
"236","Kastanienzeit","Im Fr?hherbst liegen Kastanien vielerorts auf dem Boden. Dabei sehen sich Esskastanie und Rosskastanie ?hnlich, erf?llen aber sehr unterschiedliche Rollen im ?kosystem. Esskastanien sind st?rkereiche Fr?chte und seit Jahrtausenden eine wichtige Nahrungsquelle f?r Tiere und Menschen. Rosskastanien hingegen sind f?r den Menschen ungenie?bar, dienen aber Wildtieren als Notnahrung und pr?gen als Stadt- und Parkb?ume viele Landschaften.","Scanne einen Kastanienbaum - nehme dich vor fallenden Fr?chten in Acht!","B?ume","1","Kastanie","","694143c31c895b26e33421e5","2025-12-16T11:34:27.621000","2025-12-16T11:34:27.621000","68ed5acb3c768a7480fef6a0","kaji0tt@googlemail.com"
"235","Farben, Namen und N?sse","Die Rotbuche l?sst jetzt ihre Bucheckern reifen. In sogenannten Mastjahren tr?gt sie besonders viele Fr?chte und versorgt damit M?use, Wildschweine, V?gel und zahlreiche weitere Waldbewohner.
Manche Buchen zeigen das ganze Jahr ?ber rote Bl?tter ? dabei handelt es sich jedoch nicht um die Rotbuche, sondern um Blutbuchen, eine besondere Form der Rotbuche. Ein hoher Anteil an Anthocyane sorgt f?r eine dauerhafte rotf?rbung der Bl?tter. In den meisten F?llen handelt es sich bei der Blutbuche um gez?chtete und gepflanze Varianten der Rotbuche. 
Finde eine Buche mit Bucheckern, welche die Waldbewohner nun mit ausreichend Energie versorgt.","Scanne eine Buche mit Bucheckern oder frisch gefallenen Fr?chten.","Alle","1","Buche","","6941368cce2379d6f06d742a","2025-12-16T10:38:04.027000","2025-12-16T10:38:04.027000","68ed5acb3c768a7480fef6a0","kaji0tt@googlemail.com"
"234","Energiepakete am Waldboden","Ein m?chtiger Herbstlieferant ? und ein gutes Beispiel f?r ?kologische Unterschiede zwischen heimisch und eingef?hrt.
Die Roteiche l?sst jetzt ihre Eicheln reifen. Eicheln geh?ren zu den energiereichsten Fr?chten unserer W?lder und sind f?r viele Tiere im Herbst unverzichtbar. Gleichzeitig zeigt die Roteiche exemplarisch, dass nicht jede Eichel gleich wertvoll ist: Als eingef?hrte Art wird sie von deutlich weniger Insekten genutzt als heimische Eichen. Finde eine fruchttragende Roteiche und entdecke, warum Herkunft f?r ?kologische Netzwerke eine Rolle spielt.","Scanne eine Roteiche mit reifen Eicheln oder frisch gefallenen Fr?chten.","B?ume","1","Eiche","Roteiche","69406f3053cbaefad27b5cc4","2025-12-15T20:27:28.286000","2025-12-15T20:27:28.286000","68ed5acb3c768a7480fef6a0","kaji0tt@googlemail.com"
"233","Kleine ?pfel, gro?e Beute","Der Wildapfel tr?gt jetzt seine kleinen, festen Fr?chte. Sie sind f?r den Menschen kaum genie?bar, aber f?r viele Tiere eine wichtige Nahrungsquelle im Sp?tsommer und Herbst. V?gel, Kleins?uger und Insekten profitieren von den energiereichen Fr?chten, w?hrend die Samen durch Fra? verbreitet werden. Der Wildapfel zeigt exemplarisch, dass urspr?ngliche, seltene Pflanzen oft eine gr??ere ?kologische Bedeutung haben als ihre gez?chteten Verwandten. Finde einen fruchttragenden Wildapfel und entdecke, warum Vielfalt ihren Ursprung im Wilden hat.","Scanne einen Wildapfel mit Fr?chten.","B?ume","1","Apfel","","69406df9dba46944556dd25c","2025-12-15T20:22:17.272000","2025-12-15T20:22:17.272000","68ed5acb3c768a7480fef6a0","kaji0tt@googlemail.com"
"232","Die schwarzen Perlen","Ein zentraler Nahrungslieferant des Sp?tsommers ? f?r Tiere wie f?r Menschen.
Der Schwarze Holunder tr?gt jetzt reife, tiefschwarze Beeren. Was im Fr?hjahr als duftende Bl?tendolden begann, ist nun zu einer der wichtigsten Fruchtressourcen des Sp?tsommers geworden. V?gel, S?ugetiere und Insekten nutzen die energiereichen Beeren, um Fettreserven f?r Herbst und Winter aufzubauen. Der Holunder zeigt exemplarisch, wie Pflanzen ihre Energie vom Bl?hen zur Fruchtbildung verlagern und damit ganze Nahrungsketten st?tzen. Finde einen fruchttragenden Holunder und entdecke, warum der Sp?tsommer die Zeit des Sammelns ist.
","Scanne einen Holunder mit reifen Beeren.","Alle","1","Holunder","Schwarzer Holunder","69406ccea27e2eeb2233d75e","2025-12-15T20:17:18.963000","2025-12-15T20:17:18.963000","68ed5acb3c768a7480fef6a0","kaji0tt@googlemail.com"
"231","Wenn der Sommer losl?sst","Eine architektonische Schl?sselart des Sp?tsommers ? lebendig in Bl?te, lebenswichtig im Vergehen.
Die Wilde Karde bl?ht im Hochsommer ? doch ihre gr??te ?kologische Bedeutung entfaltet sie erst danach. Ihre stacheligen Bl?tenk?pfe trocknen zu stabilen Samenst?nden heran, die ?ber Herbst und Winter stehen bleiben. F?r Insekten war sie zuvor eine wertvolle Nektarquelle, f?r V?gel wie den Stieglitz werden ihre Samen nun lebenswichtig. Die Karde zeigt exemplarisch, dass Pflanzen nicht mit dem Verbl?hen ?enden?, sondern in eine neue ?kologische Phase ?bergehen.","Scanne eine Wilde Karde ? bl?hend oder bereits im Samenstand.","Blumen","1","Karde","Wilde Karde","69406c2a61e4010465ad8b06","2025-12-15T20:14:34.075000","2025-12-15T20:14:34.075000","68ed5acb3c768a7480fef6a0","kaji0tt@googlemail.com"
"230","Das Gold der Weger?nder","Eine robuste Sp?tsommerpflanze ? funktional, widerstandsf?hig und ?kologisch vielschichtig.
Der Rainfarn bl?ht, wenn der Sommer bereits an Kraft verliert. Seine leuchtend gelben, scheibenf?rmigen Bl?ten stehen in dichten Dolden und liefern sp?ten Insekten noch Pollen und Nektar. Gleichzeitig enth?lt die Pflanze starke ?therische ?le, die sie vor Fra? sch?tzen ? ein chemischer Abwehrmechanismus, der ihr hilft, an hei?en, trockenen Standorten zu bestehen.","Scanne einen bl?henden Rainfarn an einem sonnigen Wegrand.","Blumen","1","Rainfarn","","69406a36b10ce83945a9d1f5","2025-12-15T20:06:14.039000","2025-12-15T20:06:14.039000","68ed5acb3c768a7480fef6a0","kaji0tt@googlemail.com"
"229","Die stille Kraft des Sp?tsommers","Eine unscheinbare, aber ?kologisch hochrelevante Pflanze des Sp?t- und Hochsommers.
Der Gew?hnliche Beifu? bl?ht, wenn viele auff?llige Sommerblumen bereits verblassen. Seine unscheinbaren, gr?nlich-braunen Bl?ten setzen nicht auf Insekten, sondern auf den Wind ? eine Strategie, die im trockenen Sp?tsommer besonders zuverl?ssig ist. Gleichzeitig ist der Beifu? eine wichtige Futterpflanze f?r zahlreiche Nachtfalterraupen.","Scanne bl?henden Gew?hnlichen Beifu?.","Blumen","1","Beifu?","Gew?hnlicher Beifu?","6940693d315711cab74cf281","2025-12-15T20:02:05.901000","2025-12-15T20:02:05.901000","68ed5acb3c768a7480fef6a0","kaji0tt@googlemail.com"
"228","Der Turm der Hitze","Ein Monument trockener Standorte ? langsam wachsend, hoch aufragend und perfekt an Hitze angepasst.
Die Gro?e K?nigskerze w?chst dort, wo der Sommer gnadenlos ist: auf trockenen, offenen und n?hrstoffarmen B?den. Im ersten Jahr bildet sie nur eine bodennahe Blattrosette, im zweiten Jahr schie?t sie pl?tzlich meterhoch in die H?he und tr?gt hunderte gelber Einzelbl?ten. Diese ?ffnen sich nacheinander und versorgen ?ber Wochen hinweg Wildbienen, K?fer und Schwebfliegen mit Nahrung. Finde eine bl?hende K?nigskerze und entdecke, wie Geduld, Wassersparen und langsames Wachstum zum Erfolg in extremen Lebensr?umen f?hren.","Scanne eine bl?hende Gro?e K?nigskerze.","Blumen","1","K?nigskerze","","69404b7ce6d61a56948cc984","2025-12-15T17:55:08.458000","2025-12-15T17:55:08.458000","68ed5acb3c768a7480fef6a0","kaji0tt@googlemail.com"
"227","Leben auf hei?em Stein","Der Natternkopf w?chst dort, wo viele Pflanzen aufgeben: auf trockenen, n?hrstoffarmen B?den, an Bahnd?mmen, Schotterfl?chen und sonnigen H?ngen. Seine tiefreichende Pfahlwurzel erschlie?t Wasser aus gro?en Bodentiefen, w?hrend seine rau behaarten Bl?tter Verdunstung reduzieren. Die leuchtend blauen Bl?ten produzieren ?ber Wochen hinweg reichlich Nektar und sind besonders f?r Wildbienen und Hummeln wertvoll. Finde einen bl?henden Natternkopf und entdecke, wie Pflanzen extreme Sommerbedingungen meistern.","Scanne einen bl?henden Natternkopf an einem trockenen, sonnigen Standort.","Alle","1","Natternkopf","","694049a945e8457cf285c7ee","2025-12-15T17:47:21.335000","2025-12-15T17:47:21.335000","68ed5acb3c768a7480fef6a0","kaji0tt@googlemail.com"
"226","Der Hochsommer an Gew?ssern","Der Blutweiderich steht jetzt in voller Bl?te und f?rbt Ufer, Gr?ben und Feuchtwiesen leuchtend purpurviolett. Seine zahlreichen kleinen Bl?ten produzieren reichlich Nektar und sind besonders f?r Bienen, Hummeln und Schmetterlinge wichtig, wenn andere Uferpflanzen bereits verbl?ht sind. Als typische Feuchtpflanze zeigt er, wie Gew?sserr?nder im Hochsommer zu Hotspots der Biodiversit?t werden. Finde bl?henden Blutweiderich und entdecke, warum intakte Uferzonen f?r viele Arten ?berlebenswichtig sind.","Scanne einen bl?henden Blutweiderich.","Blumen","1","Blutweiderich","","69402a140e635b365b209240","2025-12-15T15:32:36.945000","2025-12-15T15:32:36.945000","68ed5acb3c768a7480fef6a0","kaji0tt@googlemail.com"
"225","Die Blume der Sonne","Ein Symbol des Hochsommers ? und ein Lehrbeispiel f?r Sonnenenergie und Massenbl?te. 
Die Sonnenblume ist ein echtes Kraftwerk des Sommers. Ihr gro?er Bl?tenkopf sammelt Sonnenenergie und besteht aus hunderten kleiner Einzelbl?ten, die nacheinander aufbl?hen. Dadurch liefert sie ?ber viele Tage hinweg Pollen und Nektar f?r zahlreiche Insekten. Junge Sonnenblumen richten ihre Knospen nach dem Lauf der Sonne aus ? ein Verhalten, das ihre Energieaufnahme maximiert. Finde eine bl?hende Sonnenblume und entdecke, wie Pflanzen den Hochsommer nutzen, um maximale Energie in Wachstum und Samen zu investieren.","Scanne drei bl?hende Sonnenblumen.","Blumen","3","Sonnenblume","","694027893ac0558cf8f9b01e","2025-12-15T15:21:45.931000","2025-12-15T15:21:45.931000","68ed5acb3c768a7480fef6a0","kaji0tt@googlemail.com"
"224","Die Blume f?r alle","Die Wilde M?hre wirkt auf den ersten Blick schlicht, doch ihre flachen, wei?en Dolden sind wahre Insektenmagnete. Durch die vielen kleinen Einzelbl?ten ist sie f?r fast alle Best?uber zug?nglich ? selbst f?r K?fer, Schwebfliegen und winzige Wildbienen. Oft tr?gt sie in der Mitte eine einzelne dunkle Bl?te, die wie ein Insekt aussieht und zus?tzliche Besucher anlockt. Finde eine Wilde M?hre und entdecke, warum offene Bl?tenst?nde eine der erfolgreichsten Strategien des Sommers sind.","Scanne eine bl?hende Wilde M?hre (wei?e Dolden, oft mit dunklem Punkt in der Mitte).","Blumen","1","M?hre","Wilde M?hre","694026e37c41f7ee96035387","2025-12-15T15:18:59.801000","2025-12-15T15:18:59.801000","68ed5acb3c768a7480fef6a0","kaji0tt@googlemail.com"
"223","Wenn Felder kurz aufleuchten","Ein fl?chtiger Sommerbote ? spektakul?r, kurzlebig und ?kologisch bedeutsam.
Der Mohn ist ein Meister des Augenblicks. Seine leuchtend roten Bl?ten ?ffnen sich oft nur f?r wenige Tage, liefern dann aber enorme Mengen an Pollen ? ganz ohne Nektar. Genau davon profitieren vor allem pollen?sammelnde Wildbienen. Als typische Ackerwildpflanze keimt der Mohn nach Bodenst?rungen und zeigt, wie sehr Pflanzen an menschliche Nutzung angepasst sein k?nnen.","Scanne einen bl?henden Klatschmohn.","Blumen","1","Mohn","","693ff8fb67b211289555d35b","2025-12-15T12:03:07.892000","2025-12-15T20:06:57.530000","68ed5acb3c768a7480fef6a0","kaji0tt@googlemail.com"
"222","Die Sonne der Wiese","Die Margerite steht jetzt in voller Bl?te und pr?gt mit ihren wei?en Zungenbl?ten und der gelben Mitte das Bild des Fr?hsommers. Was wie eine einzelne Blume aussieht, ist in Wirklichkeit ein ganzer Bl?tenstand aus vielen kleinen Einzelbl?ten. Diese offene Struktur macht die Margerite f?r zahlreiche Insekten leicht zug?nglich ? von K?fern ?ber Fliegen bis zu Wildbienen.","Scanne eine bl?hende Margerite.","Blumen","1","Margerite","","693ff7a4b628c90471a8681e","2025-12-15T11:57:24.077000","2025-12-15T11:57:24.077000","68ed5acb3c768a7480fef6a0","kaji0tt@googlemail.com"
"221","Ein Buffet f?r Alle","Die Wiesen-Flockenblume wirkt auf den ersten Blick unspektakul?r, doch f?r Insekten ist sie ein Festmahl. Ihre offenen, gut zug?nglichen Bl?tenk?pfe liefern reichlich Nektar und Pollen f?r unterschiedlichste Best?uber ? von kleinen Wildbienen bis zu Schmetterlingen. Anders als hochspezialisierte Bl?ten ist sie f?r viele Arten nutzbar und h?lt die Wiesen auch dann lebendig, wenn andere Pflanzen bereits verbl?ht sind.","","Blumen","1","Flockenblume","","693ff69aa12ef67b0b1a1917","2025-12-15T11:52:58.396000","2025-12-15T11:52:58.396000","68ed5acb3c768a7480fef6a0","kaji0tt@googlemail.com"
"220","Die teuerste Blume der Welt","Tulpen geh?ren zu den auff?lligsten Fr?hlingsblumen ? doch sie sind auch Teil eines der erstaunlichsten Kapitel der Wirtschaftsgeschichte. Im 17. Jahrhundert l?ste die Tulpe in den Niederlanden eine der ersten bekannten Spekulationsblasen aus: Einzelne Zwiebeln wurden zeitweise teurer gehandelt als H?user. Die Pflanze selbst bl?ht nur kurz, speichert ihre Kraft aber ?ber Monate in der Zwiebel ? ein biologisches Prinzip, das perfekt zur Idee von Wert auf Vorrat passte. Finde eine bl?hende Tulpe und entdecke, wie eine Pflanze Natur, Kultur und Wirtschaft miteinander verbindet.","Scanne eine bl?hende Tulpe.","Alle","1","Tulpe","","693ff5e8b952d59d52d4a6df","2025-12-15T11:50:00.131000","2025-12-15T11:50:00.131000","68ed5acb3c768a7480fef6a0","kaji0tt@googlemail.com"
"219","Der violette Hummelfreund","Der Wiesensalbei ist eine der besten ?Hummel-Blumen? unserer Wiesen. Seine gro?en, violetten Bl?ten sind so gebaut, dass vor allem schwere Best?uber wie Hummeln sie nutzen k?nnen. Wenn eine Hummel auf der Bl?te landet, l?st sie eine raffinierte Hebelmechanik aus: Zwei Staubbl?tter klappen nach unten und bestreichen gezielt ihren R?cken mit Pollen. Beim n?chsten Bl?tenbesuch wird dieser Pollen wieder abgestreift ? die Pflanze ist best?ubt.
So zeigt der Wiesensalbei beispielhaft, wie Pflanzen und Best?uber sich ?ber Millionen Jahre aneinander angepasst haben ? und warum artenreiche Wiesen ohne Hummeln kaum funktionieren w?rden.","Scanne einen bl?henden Wiesensalbei.","Blumen","1","Salbei","","693ff4e2f4f5fa7ad2721f09","2025-12-15T11:45:38.926000","2025-12-15T11:45:38.926000","68ed5acb3c768a7480fef6a0","kaji0tt@googlemail.com"
"218","Der Duft des Fr?hlingswaldes","Ein stiller Klassiker des Fr?hlingswaldes. Der Waldmeister bedeckt im sp?teren Fr?hling die lichteren Laubw?lder mit zarten wei?en Bl?ten und sternf?rmigen Blattquirlen. Er duftet aromatisch ? allerdings erst, wenn die Pflanze welkt oder trocknet ? und ist die Grundlage f?r die Geschmacksrichtung, bekannt von Limonaden oder Wackelpudding.","Scanne Waldmeister in Bl?te (wei?e, kleine Sternbl?ten).","Blumen","1","","Echter Waldmeister","693c4c3e9b7a514f0182a6a0","2025-12-12T17:09:18.164000","2025-12-12T17:09:18.164000","68ed5acb3c768a7480fef6a0","kaji0tt@googlemail.com"
"217","Zarte F?den im Wiesengr?n","Eine elegante, zarte und ?kologisch bedeutsame Pflanzenart, die feuchte Wiesen und Wegr?nder im sp?teren Fr?hling pr?gt. Die Kuckuckslichtnelke ist ein Symbol des sp?ten Fr?hlings: Ihre tief eingeschnittenen, fadenf?rmigen Bl?tenbl?tter verleihen den Wiesen ein rosa Schimmern. Sie w?chst bevorzugt auf feuchten, n?hrstoffreichen Wiesen, die in dieser Jahreszeit voller Leben sind.","Scanne eine bl?hende Kuckuckslichtnelke.","Blumen","1","Nelkengew?chse","Kuckucks-Lichtnelke","693c49ae781ea3afbd24bfad","2025-12-12T16:58:22.861000","2025-12-12T16:58:22.861000","68ed5acb3c768a7480fef6a0","kaji0tt@googlemail.com"
"216","Farbenrausch im Fr?hlingswald","Der Lerchensporn f?rbt die Laubw?lder im Fr?hling in zarte Rosa-, Wei?- und Violettt?ne. Wie andere Fr?hlingsgeophyten nutzt er das kurze Lichtfenster vor dem Laubaustrieb der B?ume. Finde einen Lerchensporn im Wald und entdecke, wie diese Pflanzen durch raffinierte Speicherorgane und ihr perfektes Timing die Energie des beginnenden Fr?hlings einfangen.","Scanne einen bl?henden Lerchensporn.","Blumen","1","Lerchensporn","","693c45f165e0e822462ed745","2025-12-12T16:42:25.571000","2025-12-12T16:42:25.572000","68ed5acb3c768a7480fef6a0","kaji0tt@googlemail.com"
"215","Wei?es Meer aus Bl?ten","Die Schlehe flutet den Fr?hling mit einem wahren Bl?tenmeer: Noch bevor Bl?tter erscheinen, ?ffnen sich tausende wei?e Bl?ten entlang der Hecken. Diese fr?he und massenhafte Bl?te bietet Insekten enorme Mengen an Nahrung - und im Herbst werden aus den befruchteten Bl?te wichtige Fr?chte f?r V?gel und S?ugetiere. Finde eine Schlehe - auch Schwarzdorn genannt - im Bl?tenkleid.","Scanne eine bl?hende Schlehe (wei?e Bl?ten am dornigen Strauch).","Str?ucher","1","Schlehe","","693c37186bba8d0d88eed9d5","2025-12-12T15:39:04.638000","2025-12-12T19:42:00.422000","68ed5acb3c768a7480fef6a0","kaji0tt@googlemail.com"
"214","Sonnenkind der Magerwiesen","Das Fr?hlings-Fingerkraut ist einer der ersten Farbtupfer auf trockenen, sonnigen Wiesen. Es bildet dichte, bodennahe Polster und leuchtend gelbe Bl?ten. Finde dieses robuste, fr?hbl?hende Kraut und erkunde dessen magereren Standorte.","Scanne ein bl?hendes Fr?hlings-Fingerkraut.","Blumen","1","Fingerkraut","Fr?hlings-Fingerkraut","693c2fcee834712782df32ba","2025-12-12T15:07:58.669000","2025-12-12T15:07:58.669000","68ed5acb3c768a7480fef6a0","kaji0tt@googlemail.com"
"213","Die harmlose, bl?hende Schwester","Die Rot-Taubnessel (Lamium purpureum) ist ein echter Fr?hstarter: Sie bl?ht oft schon im Februar und bringt mit ihren purpurfarbenen Bl?ten Farbe in die noch graue Landschaft. Anders als die Brennnessel brennt sie nicht ? ihre Bl?tter sind weich und v?llig ungef?hrlich. Damit ist sie nicht nur h?bsch, sondern auch freundlich zu Mensch und Tier. Genauso wie die Brennessel wirkt sie reinigend auf das Blut und hilft in Form von Tee auch bei Erk?ltungen.","Scanne eine bl?hende Rot-Taubnessel","Blumen","1","Taubnessel","","693c2c37157eed72095c2d26","2025-12-12T14:52:39.762000","2025-12-12T14:52:39.762000","68ed5acb3c768a7480fef6a0","kaji0tt@googlemail.com"
"212","Der Schl?ssel zum Fr?hling","Eine der wichtigsten und traditionsreichsten Fr?hlingspflanzen unserer Wiesen - ?kologisch und kulturell bedeutend. Die Schl?sselblume bringt leuchtendes Gelb auf n?hrstoffarme Wiesen und kalkreiche B?den. Ihre r?hrenf?rmigen Bl?ten sind perfekt an langr?sselige Best?uber wie Hummeln angepasst. ","Scanne eine bl?hende Schl?sselblume.","Blumen","1","Schl?sselblume","","693c2333c331aee13d0d7198","2025-12-12T14:14:11.004000","2025-12-12T14:14:11.004000","68ed5acb3c768a7480fef6a0","kaji0tt@googlemail.com"
"211","Wei?er Teppich im Wald","Das Buschwindr?schen verwandelt die noch kahlen Laubw?lder in wei?e Bl?tenteppiche. Es nutzt das kurze Zeitfenster zwischen Winterende und dem Laubaustrieb der B?ume, um LIcht zu sammeln, zu bl?hen und sich zu verbreiten.","Scanne ein Buschwindr?schen oder eine Gruppe davon in Bl?te.","Blumen","1","Windr?schen","Buschwindr?schen","693c2014c563c84a021c54fc","2025-12-12T14:00:52.475000","2025-12-12T14:00:52.475000","68ed5acb3c768a7480fef6a0","kaji0tt@googlemail.com"
"210","Fr?hling am Wasser","Die Pestwurz ist ein eindrucksvoller Fr?hbl?her: Ihre rosafarbenen, zapfenartigen Bl?ten erscheinen an Bachufern und feuchten Standorten - oft lange vor ihren riesigen schirmartigen Bl?ttern. Diese Pflanzen wurden schon in der Antike als Heilkraut verwendet und hilfen bei Beschwerden wie Migr?ne, Heuschnupfen, Asthma und Husten.","Scanne eine Pestwurz","Blumen","1","Pestwurz","","693c1ecb00aebf07b1fdf3ea","2025-12-12T13:55:23.843000","2025-12-16T17:31:47.344000","68ed5acb3c768a7480fef6a0","kaji0tt@googlemail.com"
"209","Weidenk?tzchen","Anders als der Name vermuten l?sst, handelt es sich bei den Weidenk?tzchen nicht um s??e Haustiere. Die Salweide f?llt im Fr?hjahrsbeginn durch ihren zarten, flaumartigen Bl?tenstand auf. Mit ihren gr?n-grauen K?tzchen werden ihre ?ste von vielen zum Fr?hlingsbeginn als Dekoration im Innenraum verwendet.","Scanne eine Salweide mit K?tzchen.","B?ume","1","","Salweide","693c0403810e94b2e2688e66","2025-12-12T12:01:07.142000","2025-12-12T14:14:32.165000","68ed5acb3c768a7480fef6a0","kaji0tt@googlemail.com"
"208","Farbexplosionen","Mit dem Krokus beginnt der Fr?hling nicht nur biologisch sondern auch emotional. Ganze Parks und Wiesen sind bedeckt in den in unterschiedlichen Farben leuchtenden Bl?ten. An sonnigen Tagen ?ffnen diese sich und bieten fr?h fliegenden Bienen wertvollen Nektar. Durch die Form wird das Sonnenlicht innerhalb der Bl?te geb?ndelt. Die Bl?te bietet Bienen so einen angenehmen Rastplatz f?r eine Pause.","Scanne 3 bl?hende Korkusse.","Blumen","3","Krokus","","693bf86d69f35ece1588b094","2025-12-12T11:11:41.837000","2025-12-12T11:11:41.837000","68ed5acb3c768a7480fef6a0","kaji0tt@googlemail.com"
"207","Der Fr?hling klingelt","Der M?rzenbecher - auch Fr?hlingsknotenblume genannt - zeigt mit seinen wei?en, glockenf?rmigen Bl?ten die beginnende W?rme des Fr?hfr?hlings. Er w?chst bevorzugt an feuchten Stellen und nutzt die kurze Zeitspanne, in der Wald und Wiesen noch lichtdurchflutet sind. Suche nach diesem elegenten Fr?hlingsboten, der zu den wichtigsten Zeigerpflanzen des Jahreszeitenwechsels geh?rt.","Finde und scanne einen M?rzenbecher in Bl?te","Blumen","1","M?rzenbecher","","693be83ec51108953a3b3c06","2025-12-12T10:02:38.767000","2025-12-12T10:02:38.767000","68ed5acb3c768a7480fef6a0","kaji0tt@googlemail.com"
"206","Die Sonne vor den Bl?ttern","Die gelben Bl?ten des Huflattich erscheinen schon im Vorfr?hling, lange bevor die Pflanze ihre Bl?tter bildet. Dank seiner fr?hen Bl?tephase, ist er ein wertvoller Nektarspender f?r Insekten in der kalten Jahreszeit. Er w?chst an Wegr?ndern, B?schungen, Schotterbereichen und Ufern. Die Bl?tter erscheinen erst nach der Bl?te, wenn die Sonne st?rker scheint.","Scanne einen Huflattich mit voll ge?ffneten gelben Bl?ten.","Blumen","1","Huflattich","","693be0aacaec5352d574736a","2025-12-12T09:30:18.991000","2025-12-12T09:30:18.991000","68ed5acb3c768a7480fef6a0","kaji0tt@googlemail.com"
"205","Bote des Vorfr?hlings","Wenn der Boden noch gefroren ist und Schnee auf den Wiesen liegt, bricht das Schneegl?ckchen schon durch die Erde. Es ist ein Symbol f?r den ?bergang zwischen Winter und Fr?hling und zeigt, wie Pflanzen Energie speichern, um genau dann zu bl?henm, wenn fasst nichts anderes bl?ht. Entdecke ein Schneegl?ckchen und lerne, warum es jedes Jahr so fr?h erscheint.","Finde und scanne ein Schneegl?kchen in Bl?te.","Blumen","1","Schneegl?ckchen","","693bd2aa7c5cc7fd2747bfba","2025-12-12T08:30:34.189000","2025-12-12T11:21:58.438000","68ed5acb3c768a7480fef6a0","kaji0tt@googlemail.com"
"204","Gelb im Grau","Der Winterjasmin bl?ht, wenn fast alle anderen Pflanzen noch schlafen. Seine leuichtend gelben Bl?ten bringen Farbe in die ?triste Jahreszeit und liefern fr?hen Insekten erste Nahrung, sobald w?rmere Tage kommen. Entdecke den Winterjasmin und erfahre, wie seltene Winterbl?her die Br?cke zwischen Winterruhe und Fr?hling schlagen.","Finde und scanne einen Winterjasmin mit offenen gelben Bl?ten.","Str?ucher","1","Jasmin","","693bc03b979b7160a218da43","2025-12-12T07:11:55.357000","2025-12-12T07:11:55.357000","68ed5acb3c768a7480fef6a0","kaji0tt@googlemail.com"
"203","H?terin der Ufer","Die Schwarzerle ist eine der ?berraschend aktiven Pflanzen im sp?ten Winter. Ihre r?tlichen m?nnlichen K?tzchen und die kleinen schwarzen ?Zapfen? der Vorjahre sind schon jetzt gut sichtbar. Als wichtiger Uferbaum sch?tzt sie Fl?sse und Teiche vor Erosion ? selbst wenn die Landschaft noch kahl ist. Entdecke die Schwarzerle und erfahre, wie sie Wasserlandschaften stabil h?lt.","Finde und scanne eine Schwarzerle mit K?tzchen oder alten Erlenz?pfchen.","B?ume","1","Erle","Schwarzerle","693b38f129bd4036048a167f","2025-12-11T21:34:41.538000","2025-12-11T21:34:41.538000","68ed5acb3c768a7480fef6a0","kaji0tt@googlemail.com"
"202","Fr?hstart der Natur","Auch wenn alles noch kahl und kalt wirkt ? die Hasel beginnt bereits im tiefen Winter mit ihrer Bl?te. Ihre gelben K?tzchen h?ngen auff?llig an den Zweigen und geben den Startschuss f?r den neuen Pflanzenzyklus. Entdecke die Hasel und erfahre, warum manche Pflanzen so unglaublich fr?h aktiv werden.","Finde und scanne einen Haselstrauch mit sichtbaren K?tzchen.","Str?ucher","1","Haselnuss","","693b353c1e66348c88ea08e6","2025-12-11T21:18:52.502000","2025-12-11T21:18:52.502000","68ed5acb3c768a7480fef6a0","kaji0tt@googlemail.com"
"201","Winterw?chterin","Die Stechpalme (Ilex) beh?lt ihre gl?nzend gr?nen Bl?tter ? selbst im dunkelsten Winter. Ihre roten Beeren sind in dieser Jahreszeit eine der wenigen Nahrungsquellen f?r V?gel. Entdecke diese robuste Winterw?chterin und lerne, wie Pflanzen auch in der kalten Jahreszeit das ?kosystem st?tzen.","Scanne eine Stechpalme (Ilex), die im Winter ihr Gr?n tr?gt.","Str?ucher","1","Stechpalme","","691e485b1593f1ff42db6e85","2025-11-19T22:44:43.338000","2025-12-11T21:13:38.781000","68ed5acb3c768a7480fef6a0","kaji0tt@googlemail.com"
